responseid	respid	pdf_loop	pdf_export_last_name	pdf_export_first_name	pdf_export_country	pdf_export_customer	pdf_export_title	pdf_export_qid	pdf_export_sub_qid	pdf_export_main_q_text	pdf_export_sub_q_text	pdf_export_response	pdf_export_complete_datetime
4	182	1	Walker	Jordan	Croatia	Org_R001	Business Analyst	q1new		"<p data-rte-root=""true"">To start, please answer the following few questions:</p> <p data-rte-root=""true"">Which of the following describes your role within your [SECTOR]?</p>"		, and <b>Game Product Management [SECTOR] and/or [DIGITAL_SECTOR]:</b> management of existing game or game categories, development of new or enhanced games. Job titles could include: Product Manager, Game Category Manager, [DIGITAL_SECTOR] Product Manager, Game Designer	2025-05-07 10:09:50
4	182	10	Walker	Jordan	Croatia	Org_R001	Business Analyst	q5b		"Thinking only about <span class=""clr""><b>[VENDOR] [PRODUCT_A]</b></span>, please indicate your level of agreement with the following statements:"	I would select them again as our [SECTOR] solutions partner		2025-05-07 10:09:50
4	182	11	Walker	Jordan	Croatia	Org_R001	Business Analyst	q5d		"Thinking only about <span class=""clr""><b>[VENDOR] [DIGITAL_SECTOR]</b></span>, please indicate your level of agreement with the following statements:"	Overall, I am satisfied with our relationship		2025-05-07 10:09:50
4	182	12	Walker	Jordan	Croatia	Org_R001	Business Analyst	q5d		"Thinking only about <span class=""clr""><b>[VENDOR] [DIGITAL_SECTOR]</b></span>, please indicate your level of agreement with the following statements:"	Their products, services, and support are worth what we pay for them		2025-05-07 10:09:50
4	182	13	Walker	Jordan	Croatia	Org_R001	Business Analyst	q5d		"Thinking only about <span class=""clr""><b>[VENDOR] [DIGITAL_SECTOR]</b></span>, please indicate your level of agreement with the following statements:"	I would select them again as our [SECTOR] solutions partner		2025-05-07 10:09:50
4	182	14	Walker	Jordan	Croatia	Org_R001	Business Analyst	q6a		"Thinking only about <span class=""clr""><b>[VENDOR] [SECTOR]</b></span>, please indicate your level of agreement with each of the following statements regarding the <b><u>Quality of [VENDOR] [SECTOR] Service & Support</u></b> – this includes the <b>day-to-day support</b> [VENDOR] provides to your [SECTOR] and retailers."	I am satisfied with [VENDOR] team’s service and support		2025-05-07 10:09:50
4	182	15	Walker	Jordan	Croatia	Org_R001	Business Analyst	q6a		"Thinking only about <span class=""clr""><b>[VENDOR] [SECTOR]</b></span>, please indicate your level of agreement with each of the following statements regarding the <b><u>Quality of [VENDOR] [SECTOR] Service & Support</u></b> – this includes the <b>day-to-day support</b> [VENDOR] provides to your [SECTOR] and retailers."	Is responsive to our needs		2025-05-07 10:09:50
4	182	16	Walker	Jordan	Croatia	Org_R001	Business Analyst	q6a		"Thinking only about <span class=""clr""><b>[VENDOR] [SECTOR]</b></span>, please indicate your level of agreement with each of the following statements regarding the <b><u>Quality of [VENDOR] [SECTOR] Service & Support</u></b> – this includes the <b>day-to-day support</b> [VENDOR] provides to your [SECTOR] and retailers."	The right people are empowered to make decisions to resolve issues		2025-05-07 10:09:50
4	182	17	Walker	Jordan	Croatia	Org_R001	Business Analyst	q6a		"Thinking only about <span class=""clr""><b>[VENDOR] [SECTOR]</b></span>, please indicate your level of agreement with each of the following statements regarding the <b><u>Quality of [VENDOR] [SECTOR] Service & Support</u></b> – this includes the <b>day-to-day support</b> [VENDOR] provides to your [SECTOR] and retailers."	Is an industry service & support expert		2025-05-07 10:09:50
4	182	18	Walker	Jordan	Croatia	Org_R001	Business Analyst	q6b		"Thinking only about <span class=""clr""><b>[VENDOR] [PRODUCT_A]</b></span>, please indicate your level of agreement with each of the following statements regarding the <b><u>Quality of [VENDOR] [PRODUCT_A] Service & Support</u></b> – this includes the <b>day-to-day support</b> [VENDOR] provides to your [SECTOR]."	I am satisfied with [VENDOR] team’s service and support		2025-05-07 10:09:50
4	182	19	Walker	Jordan	Croatia	Org_R001	Business Analyst	q6b		"Thinking only about <span class=""clr""><b>[VENDOR] [PRODUCT_A]</b></span>, please indicate your level of agreement with each of the following statements regarding the <b><u>Quality of [VENDOR] [PRODUCT_A] Service & Support</u></b> – this includes the <b>day-to-day support</b> [VENDOR] provides to your [SECTOR]."	Is responsive to our needs		2025-05-07 10:09:50
4	182	2	Walker	Jordan	Croatia	Org_R001	Business Analyst	q5aa	10.0	How likely are you to recommend [VENDOR] to other [SECTOR_PLURAL] with similar needs as your own? Please use a 0-10 scale, where 0 means “Not at All Likely” and 10 means “Extremely Likely”.		"<span class=""mtext"">10 - </span>Extremely Likely<div class=""dtext"">10</div>"	2025-05-07 10:09:50
4	182	20	Walker	Jordan	Croatia	Org_R001	Business Analyst	q6d		"Thinking only about <span class=""clr""><b>[VENDOR] [DIGITAL_SECTOR]</b></span>, please indicate your level of agreement with each of the following statements regarding the <b><u>Quality of [VENDOR] [DIGITAL_SECTOR] Service & Support</u></b> – this includes the <b>day-to-day support</b> [VENDOR] provides to your [SECTOR] and players."	I am satisfied with [VENDOR] team’s service and support		2025-05-07 10:09:50
4	182	21	Walker	Jordan	Croatia	Org_R001	Business Analyst	q6d		"Thinking only about <span class=""clr""><b>[VENDOR] [DIGITAL_SECTOR]</b></span>, please indicate your level of agreement with each of the following statements regarding the <b><u>Quality of [VENDOR] [DIGITAL_SECTOR] Service & Support</u></b> – this includes the <b>day-to-day support</b> [VENDOR] provides to your [SECTOR] and players."	Is responsive to our needs		2025-05-07 10:09:50
4	182	22	Walker	Jordan	Croatia	Org_R001	Business Analyst	q6d		"Thinking only about <span class=""clr""><b>[VENDOR] [DIGITAL_SECTOR]</b></span>, please indicate your level of agreement with each of the following statements regarding the <b><u>Quality of [VENDOR] [DIGITAL_SECTOR] Service & Support</u></b> – this includes the <b>day-to-day support</b> [VENDOR] provides to your [SECTOR] and players."	The right people are empowered to make decisions to resolve issues		2025-05-07 10:09:50
4	182	23	Walker	Jordan	Croatia	Org_R001	Business Analyst	q7a	5.0	"Thinking only about <span class=""clr""><b>[VENDOR] [SECTOR]</b></span>, please indicate your level of agreement with each of the following statements regarding <b><u>[VENDOR] [SECTOR] Products & Solutions</u></b>, such as terminals, vending, central systems, and business intelligence applications (e.g., Sales Wizard, Retailer Wizard, etc.)."	Products and solutions are stable and reliable	5	2025-05-07 10:09:50
4	182	24	Walker	Jordan	Croatia	Org_R001	Business Analyst	q7a	5.0	"Thinking only about <span class=""clr""><b>[VENDOR] [SECTOR]</b></span>, please indicate your level of agreement with each of the following statements regarding <b><u>[VENDOR] [SECTOR] Products & Solutions</u></b>, such as terminals, vending, central systems, and business intelligence applications (e.g., Sales Wizard, Retailer Wizard, etc.)."	Provides features & functionality that meet our needs to manage and grow our business	5	2025-05-07 10:09:50
4	182	25	Walker	Jordan	Croatia	Org_R001	Business Analyst	q7a	4.0	"Thinking only about <span class=""clr""><b>[VENDOR] [SECTOR]</b></span>, please indicate your level of agreement with each of the following statements regarding <b><u>[VENDOR] [SECTOR] Products & Solutions</u></b>, such as terminals, vending, central systems, and business intelligence applications (e.g., Sales Wizard, Retailer Wizard, etc.)."	Provides products and solutions innovation we need	4	2025-05-07 10:09:50
4	182	26	Walker	Jordan	Croatia	Org_R001	Business Analyst	q7a	5.0	"Thinking only about <span class=""clr""><b>[VENDOR] [SECTOR]</b></span>, please indicate your level of agreement with each of the following statements regarding <b><u>[VENDOR] [SECTOR] Products & Solutions</u></b>, such as terminals, vending, central systems, and business intelligence applications (e.g., Sales Wizard, Retailer Wizard, etc.)."	Has well defined product and solutions roadmaps	5	2025-05-07 10:09:50
4	182	27	Walker	Jordan	Croatia	Org_R001	Business Analyst	q7b		"Thinking only about <span class=""clr""><b>[VENDOR] [PRODUCT_A]</b></span>, please indicate your level of agreement with each of the following statements regarding <b><u>[VENDOR] [PRODUCT_A] Products & Solutions</u></b>, such as instant tickets/scratch cards."	Provides products and solutions innovation we need		2025-05-07 10:09:50
4	182	28	Walker	Jordan	Croatia	Org_R001	Business Analyst	q7b		"Thinking only about <span class=""clr""><b>[VENDOR] [PRODUCT_A]</b></span>, please indicate your level of agreement with each of the following statements regarding <b><u>[VENDOR] [PRODUCT_A] Products & Solutions</u></b>, such as instant tickets/scratch cards."	Has well defined product and solutions roadmaps		2025-05-07 10:09:50
4	182	29	Walker	Jordan	Croatia	Org_R001	Business Analyst	q7d		"Thinking only about <span class=""clr""><b>[VENDOR] [DIGITAL_SECTOR]</b></span>, please indicate your level of agreement with each of the following statements regarding <b><u>[VENDOR] [DIGITAL_SECTOR] Products & Solutions</u></b>, such as [DIGITAL_SECTOR] platform, eDraw, eInstants, and player services."	Products and solutions are stable and reliable		2025-05-07 10:09:50
4	182	3	Walker	Jordan	Croatia	Org_R001	Business Analyst	q5ab		Why did you rate your willingness to recommend a <b>10</b>?		[VENDOR] is a global [SECTOR] operator focused on continuous innovation	2025-05-07 10:09:50
4	182	30	Walker	Jordan	Croatia	Org_R001	Business Analyst	q7d		"Thinking only about <span class=""clr""><b>[VENDOR] [DIGITAL_SECTOR]</b></span>, please indicate your level of agreement with each of the following statements regarding <b><u>[VENDOR] [DIGITAL_SECTOR] Products & Solutions</u></b>, such as [DIGITAL_SECTOR] platform, eDraw, eInstants, and player services."	Provides products and solutions innovation we need		2025-05-07 10:09:50
4	182	31	Walker	Jordan	Croatia	Org_R001	Business Analyst	q7d		"Thinking only about <span class=""clr""><b>[VENDOR] [DIGITAL_SECTOR]</b></span>, please indicate your level of agreement with each of the following statements regarding <b><u>[VENDOR] [DIGITAL_SECTOR] Products & Solutions</u></b>, such as [DIGITAL_SECTOR] platform, eDraw, eInstants, and player services."	Has well defined product and solutions roadmaps		2025-05-07 10:09:50
4	182	32	Walker	Jordan	Croatia	Org_R001	Business Analyst	q7d		"Thinking only about <span class=""clr""><b>[VENDOR] [DIGITAL_SECTOR]</b></span>, please indicate your level of agreement with each of the following statements regarding <b><u>[VENDOR] [DIGITAL_SECTOR] Products & Solutions</u></b>, such as [DIGITAL_SECTOR] platform, eDraw, eInstants, and player services."	Helps support our Responsible Gaming Programs through the games and game design services [VENDOR] provides		2025-05-07 10:09:50
4	182	33	Walker	Jordan	Croatia	Org_R001	Business Analyst	q8a		"Thinking only about <span class=""clr""><b>[VENDOR] [SECTOR]</b></span>, please indicate your level of agreement with each of the following statements regarding the <b><u>[VENDOR] [SECTOR] Software Delivery Services</u></b> you need for its products and solutions."	Assists us in defining our software requirements & solution configurations		2025-05-07 10:09:50
4	182	34	Walker	Jordan	Croatia	Org_R001	Business Analyst	q8a		"Thinking only about <span class=""clr""><b>[VENDOR] [SECTOR]</b></span>, please indicate your level of agreement with each of the following statements regarding the <b><u>[VENDOR] [SECTOR] Software Delivery Services</u></b> you need for its products and solutions."	Provides quality upon release to production		2025-05-07 10:09:50
4	182	35	Walker	Jordan	Croatia	Org_R001	Business Analyst	q8a		"Thinking only about <span class=""clr""><b>[VENDOR] [SECTOR]</b></span>, please indicate your level of agreement with each of the following statements regarding the <b><u>[VENDOR] [SECTOR] Software Delivery Services</u></b> you need for its products and solutions."	Adheres to mutually agreed upon software schedules		2025-05-07 10:09:50
4	182	36	Walker	Jordan	Croatia	Org_R001	Business Analyst	q8a		"Thinking only about <span class=""clr""><b>[VENDOR] [SECTOR]</b></span>, please indicate your level of agreement with each of the following statements regarding the <b><u>[VENDOR] [SECTOR] Software Delivery Services</u></b> you need for its products and solutions."	Meets commitments for delivery of software		2025-05-07 10:09:50
4	182	37	Walker	Jordan	Croatia	Org_R001	Business Analyst	q8d		"Thinking only about <span class=""clr""><b>[VENDOR] [DIGITAL_SECTOR]</b></span>, please indicate your level of agreement with each of the following statements regarding the <b><u>[VENDOR] [DIGITAL_SECTOR] Software Delivery Services</u></b> you need for its products and solutions."	Provides quality upon release to production		2025-05-07 10:09:50
4	182	38	Walker	Jordan	Croatia	Org_R001	Business Analyst	q8d		"Thinking only about <span class=""clr""><b>[VENDOR] [DIGITAL_SECTOR]</b></span>, please indicate your level of agreement with each of the following statements regarding the <b><u>[VENDOR] [DIGITAL_SECTOR] Software Delivery Services</u></b> you need for its products and solutions."	Adheres to mutually agreed upon software schedules		2025-05-07 10:09:50
4	182	39	Walker	Jordan	Croatia	Org_R001	Business Analyst	q8d		"Thinking only about <span class=""clr""><b>[VENDOR] [DIGITAL_SECTOR]</b></span>, please indicate your level of agreement with each of the following statements regarding the <b><u>[VENDOR] [DIGITAL_SECTOR] Software Delivery Services</u></b> you need for its products and solutions."	Meets commitments for delivery of software		2025-05-07 10:09:50
4	182	4	Walker	Jordan	Croatia	Org_R001	Business Analyst	q3		Which of the following [VENDOR] businesses do you work with?		, and [VENDOR] [SECTOR] (Central Systems, Terminals, Marketing Support, Games)	2025-05-07 10:09:50
4	182	40	Walker	Jordan	Croatia	Org_R001	Business Analyst	q9a	4.0	"Thinking only about <span class=""clr""><b>[VENDOR] [SECTOR]</b></span>, please indicate your level of agreement with each of the following statements regarding <b><U>[VENDOR] [SECTOR] Sales and Marketing Support</u></b>."	Shares its industry relevant knowledge	4	2025-05-07 10:09:50
4	182	41	Walker	Jordan	Croatia	Org_R001	Business Analyst	q9a	4.0	"Thinking only about <span class=""clr""><b>[VENDOR] [SECTOR]</b></span>, please indicate your level of agreement with each of the following statements regarding <b><U>[VENDOR] [SECTOR] Sales and Marketing Support</u></b>."	Offers useful recommendations for how we can optimize the performance of our existing games	4	2025-05-07 10:09:50
4	182	42	Walker	Jordan	Croatia	Org_R001	Business Analyst	q9a	4.0	"Thinking only about <span class=""clr""><b>[VENDOR] [SECTOR]</b></span>, please indicate your level of agreement with each of the following statements regarding <b><U>[VENDOR] [SECTOR] Sales and Marketing Support</u></b>."	Helps us optimize our new and existing sales channels	4	2025-05-07 10:09:50
4	182	43	Walker	Jordan	Croatia	Org_R001	Business Analyst	q9a	4.0	"Thinking only about <span class=""clr""><b>[VENDOR] [SECTOR]</b></span>, please indicate your level of agreement with each of the following statements regarding <b><U>[VENDOR] [SECTOR] Sales and Marketing Support</u></b>."	Helps us develop new and innovative games	4	2025-05-07 10:09:50
4	182	44	Walker	Jordan	Croatia	Org_R001	Business Analyst	q9b		"Thinking only about <span class=""clr""><b>[VENDOR] [PRODUCT_A]</b></span>, please indicate your level of agreement with each of the following statements regarding <b><u>[VENDOR] [PRODUCT_A] Sales and Marketing Support</u></b>."	Shares its industry relevant knowledge		2025-05-07 10:09:50
4	182	45	Walker	Jordan	Croatia	Org_R001	Business Analyst	q9b		"Thinking only about <span class=""clr""><b>[VENDOR] [PRODUCT_A]</b></span>, please indicate your level of agreement with each of the following statements regarding <b><u>[VENDOR] [PRODUCT_A] Sales and Marketing Support</u></b>."	Offers useful recommendations for how we can optimize the performance of our existing games		2025-05-07 10:09:50
4	182	46	Walker	Jordan	Croatia	Org_R001	Business Analyst	q9b		"Thinking only about <span class=""clr""><b>[VENDOR] [PRODUCT_A]</b></span>, please indicate your level of agreement with each of the following statements regarding <b><u>[VENDOR] [PRODUCT_A] Sales and Marketing Support</u></b>."	Provides licensed property programs that meet our objectives / needs		2025-05-07 10:09:50
4	182	47	Walker	Jordan	Croatia	Org_R001	Business Analyst	q9d		"Thinking only about <span class=""clr""><b>[VENDOR] [DIGITAL_SECTOR]</b></span>, please indicate your level of agreement with each of the following statements regarding <b><u>[VENDOR] [DIGITAL_SECTOR] Sales and Marketing Support</u></b>."	Shares its industry relevant knowledge		2025-05-07 10:09:50
4	182	48	Walker	Jordan	Croatia	Org_R001	Business Analyst	q9d		"Thinking only about <span class=""clr""><b>[VENDOR] [DIGITAL_SECTOR]</b></span>, please indicate your level of agreement with each of the following statements regarding <b><u>[VENDOR] [DIGITAL_SECTOR] Sales and Marketing Support</u></b>."	Helps to identify initiatives to drive my digital growth		2025-05-07 10:09:50
4	182	49	Walker	Jordan	Croatia	Org_R001	Business Analyst	q9d		"Thinking only about <span class=""clr""><b>[VENDOR] [DIGITAL_SECTOR]</b></span>, please indicate your level of agreement with each of the following statements regarding <b><u>[VENDOR] [DIGITAL_SECTOR] Sales and Marketing Support</u></b>."	Helps to optimize my player experience		2025-05-07 10:09:50
4	182	5	Walker	Jordan	Croatia	Org_R001	Business Analyst	q5a	5.0	"Thinking only about <span class=""clr""><b>[VENDOR] [SECTOR]</b></span>, please indicate your level of agreement with the following statements:"	Overall, I am satisfied with our relationship	5	2025-05-07 10:09:50
4	182	50	Walker	Jordan	Croatia	Org_R001	Business Analyst	q10a	5.0	"Thinking only about <span class=""clr""><b>[VENDOR] [SECTOR]</b></span>, please indicate your level of agreement with each of the following statements regarding <b><u>[VENDOR] [SECTOR] Alignment to Customer Goals & Priorities</u></b>."	Has a strong understanding of our goals / priorities	5	2025-05-07 10:09:50
4	182	51	Walker	Jordan	Croatia	Org_R001	Business Analyst	q10a	4.0	"Thinking only about <span class=""clr""><b>[VENDOR] [SECTOR]</b></span>, please indicate your level of agreement with each of the following statements regarding <b><u>[VENDOR] [SECTOR] Alignment to Customer Goals & Priorities</u></b>."	Is flexible and responsive to changes in needs	4	2025-05-07 10:09:50
4	182	52	Walker	Jordan	Croatia	Org_R001	Business Analyst	q10a	5.0	"Thinking only about <span class=""clr""><b>[VENDOR] [SECTOR]</b></span>, please indicate your level of agreement with each of the following statements regarding <b><u>[VENDOR] [SECTOR] Alignment to Customer Goals & Priorities</u></b>."	I consider [VENDOR] to be an industry thought leader	5	2025-05-07 10:09:50
4	182	53	Walker	Jordan	Croatia	Org_R001	Business Analyst	q10b		"Thinking only about <span class=""clr""><b>[VENDOR] [PRODUCT_A]</b></span>, please indicate your level of agreement with each of the following statements regarding <b><u>[VENDOR] [PRODUCT_A] Alignment to Customer Goals & Priorities</u></b>."	Has a strong understanding of our goals / priorities		2025-05-07 10:09:50
4	182	54	Walker	Jordan	Croatia	Org_R001	Business Analyst	q10b		"Thinking only about <span class=""clr""><b>[VENDOR] [PRODUCT_A]</b></span>, please indicate your level of agreement with each of the following statements regarding <b><u>[VENDOR] [PRODUCT_A] Alignment to Customer Goals & Priorities</u></b>."	Is flexible and responsive to changes in needs		2025-05-07 10:09:50
4	182	55	Walker	Jordan	Croatia	Org_R001	Business Analyst	q10d		"Thinking only about <span class=""clr""><b>[VENDOR] [DIGITAL_SECTOR]</b></span>, please indicate your level of agreement with each of the following statements regarding <b><u>[VENDOR] [DIGITAL_SECTOR] Alignment to Customer Goals & Priorities</u></b>."	Has a strong understanding of our goals / priorities		2025-05-07 10:09:50
4	182	56	Walker	Jordan	Croatia	Org_R001	Business Analyst	q10d		"Thinking only about <span class=""clr""><b>[VENDOR] [DIGITAL_SECTOR]</b></span>, please indicate your level of agreement with each of the following statements regarding <b><u>[VENDOR] [DIGITAL_SECTOR] Alignment to Customer Goals & Priorities</u></b>."	Is flexible and responsive to changes in needs		2025-05-07 10:09:50
4	182	57	Walker	Jordan	Croatia	Org_R001	Business Analyst	q11new_oe		If you could offer ONE piece of advice to [VENDOR] in terms of <u>what [VENDOR] can do better or differently to continue to earn your business and your trust in the future</u>, what advice would you give?		to be more proactive vs internal customers	2025-05-07 10:09:50
4	182	58	Walker	Jordan	Croatia	Org_R001	Business Analyst	q12_oe		What does <b>[VENDOR] currently do WELL</b> and should CONTINUE to focus on?		have continuous market listening	2025-05-07 10:09:50
4	182	6	Walker	Jordan	Croatia	Org_R001	Business Analyst	q5a	5.0	"Thinking only about <span class=""clr""><b>[VENDOR] [SECTOR]</b></span>, please indicate your level of agreement with the following statements:"	Their products, services, and support are worth what we pay for them	5	2025-05-07 10:09:50
4	182	7	Walker	Jordan	Croatia	Org_R001	Business Analyst	q5a	5.0	"Thinking only about <span class=""clr""><b>[VENDOR] [SECTOR]</b></span>, please indicate your level of agreement with the following statements:"	I would select them again as our [SECTOR] solutions partner	5	2025-05-07 10:09:50
4	182	8	Walker	Jordan	Croatia	Org_R001	Business Analyst	q5b		"Thinking only about <span class=""clr""><b>[VENDOR] [PRODUCT_A]</b></span>, please indicate your level of agreement with the following statements:"	Overall, I am satisfied with our relationship		2025-05-07 10:09:50
4	182	9	Walker	Jordan	Croatia	Org_R001	Business Analyst	q5b		"Thinking only about <span class=""clr""><b>[VENDOR] [PRODUCT_A]</b></span>, please indicate your level of agreement with the following statements:"	Their products, services, and support are worth what we pay for them		2025-05-07 10:09:50
6	191	1	Morgan	Dakota	Denmark	Org_R002	Customer Success Manager	q1new		"<p data-rte-root=""true"">To start, please answer the following few questions:</p> <p data-rte-root=""true"">Which of the following describes your role within your [SECTOR]?</p>"		, and <b>Technology/IT/Software Support:</b> involved in the hardware, software, and communication functions to support the [SECTOR] (terminals, networks, business applications, etc.). Job titles could include: CTO, Managers of IT, Communications, Hardware and/or Software	2025-05-08 09:00:04
6	191	10	Morgan	Dakota	Denmark	Org_R002	Customer Success Manager	q5b	5.0	"Thinking only about <span class=""clr""><b>[VENDOR] [PRODUCT_A]</b></span>, please indicate your level of agreement with the following statements:"	I would select them again as our [SECTOR] solutions partner	5	2025-05-08 09:00:04
6	191	11	Morgan	Dakota	Denmark	Org_R002	Customer Success Manager	q5d	5.0	"Thinking only about <span class=""clr""><b>[VENDOR] [DIGITAL_SECTOR]</b></span>, please indicate your level of agreement with the following statements:"	Overall, I am satisfied with our relationship	5	2025-05-08 09:00:04
6	191	12	Morgan	Dakota	Denmark	Org_R002	Customer Success Manager	q5d	5.0	"Thinking only about <span class=""clr""><b>[VENDOR] [DIGITAL_SECTOR]</b></span>, please indicate your level of agreement with the following statements:"	Their products, services, and support are worth what we pay for them	5	2025-05-08 09:00:04
6	191	13	Morgan	Dakota	Denmark	Org_R002	Customer Success Manager	q5d	5.0	"Thinking only about <span class=""clr""><b>[VENDOR] [DIGITAL_SECTOR]</b></span>, please indicate your level of agreement with the following statements:"	I would select them again as our [SECTOR] solutions partner	5	2025-05-08 09:00:04
6	191	14	Morgan	Dakota	Denmark	Org_R002	Customer Success Manager	q6a	5.0	"Thinking only about <span class=""clr""><b>[VENDOR] [SECTOR]</b></span>, please indicate your level of agreement with each of the following statements regarding the <b><u>Quality of [VENDOR] [SECTOR] Service & Support</u></b> – this includes the <b>day-to-day support</b> [VENDOR] provides to your [SECTOR] and retailers."	I am satisfied with [VENDOR] team’s service and support	5	2025-05-08 09:00:04
6	191	15	Morgan	Dakota	Denmark	Org_R002	Customer Success Manager	q6a	5.0	"Thinking only about <span class=""clr""><b>[VENDOR] [SECTOR]</b></span>, please indicate your level of agreement with each of the following statements regarding the <b><u>Quality of [VENDOR] [SECTOR] Service & Support</u></b> – this includes the <b>day-to-day support</b> [VENDOR] provides to your [SECTOR] and retailers."	Is responsive to our needs	5	2025-05-08 09:00:04
6	191	16	Morgan	Dakota	Denmark	Org_R002	Customer Success Manager	q6a	5.0	"Thinking only about <span class=""clr""><b>[VENDOR] [SECTOR]</b></span>, please indicate your level of agreement with each of the following statements regarding the <b><u>Quality of [VENDOR] [SECTOR] Service & Support</u></b> – this includes the <b>day-to-day support</b> [VENDOR] provides to your [SECTOR] and retailers."	The right people are empowered to make decisions to resolve issues	5	2025-05-08 09:00:04
6	191	17	Morgan	Dakota	Denmark	Org_R002	Customer Success Manager	q6a	5.0	"Thinking only about <span class=""clr""><b>[VENDOR] [SECTOR]</b></span>, please indicate your level of agreement with each of the following statements regarding the <b><u>Quality of [VENDOR] [SECTOR] Service & Support</u></b> – this includes the <b>day-to-day support</b> [VENDOR] provides to your [SECTOR] and retailers."	Is an industry service & support expert	5	2025-05-08 09:00:04
6	191	18	Morgan	Dakota	Denmark	Org_R002	Customer Success Manager	q6b	5.0	"Thinking only about <span class=""clr""><b>[VENDOR] [PRODUCT_A]</b></span>, please indicate your level of agreement with each of the following statements regarding the <b><u>Quality of [VENDOR] [PRODUCT_A] Service & Support</u></b> – this includes the <b>day-to-day support</b> [VENDOR] provides to your [SECTOR]."	I am satisfied with [VENDOR] team’s service and support	5	2025-05-08 09:00:04
6	191	19	Morgan	Dakota	Denmark	Org_R002	Customer Success Manager	q6b	5.0	"Thinking only about <span class=""clr""><b>[VENDOR] [PRODUCT_A]</b></span>, please indicate your level of agreement with each of the following statements regarding the <b><u>Quality of [VENDOR] [PRODUCT_A] Service & Support</u></b> – this includes the <b>day-to-day support</b> [VENDOR] provides to your [SECTOR]."	Is responsive to our needs	5	2025-05-08 09:00:04
6	191	2	Morgan	Dakota	Denmark	Org_R002	Customer Success Manager	q5aa	10.0	How likely are you to recommend [VENDOR] to other [SECTOR_PLURAL] with similar needs as your own? Please use a 0-10 scale, where 0 means “Not at All Likely” and 10 means “Extremely Likely”.		"<span class=""mtext"">10 - </span>Extremely Likely<div class=""dtext"">10</div>"	2025-05-08 09:00:04
6	191	20	Morgan	Dakota	Denmark	Org_R002	Customer Success Manager	q6d	5.0	"Thinking only about <span class=""clr""><b>[VENDOR] [DIGITAL_SECTOR]</b></span>, please indicate your level of agreement with each of the following statements regarding the <b><u>Quality of [VENDOR] [DIGITAL_SECTOR] Service & Support</u></b> – this includes the <b>day-to-day support</b> [VENDOR] provides to your [SECTOR] and players."	I am satisfied with [VENDOR] team’s service and support	5	2025-05-08 09:00:04
6	191	21	Morgan	Dakota	Denmark	Org_R002	Customer Success Manager	q6d	5.0	"Thinking only about <span class=""clr""><b>[VENDOR] [DIGITAL_SECTOR]</b></span>, please indicate your level of agreement with each of the following statements regarding the <b><u>Quality of [VENDOR] [DIGITAL_SECTOR] Service & Support</u></b> – this includes the <b>day-to-day support</b> [VENDOR] provides to your [SECTOR] and players."	Is responsive to our needs	5	2025-05-08 09:00:04
6	191	22	Morgan	Dakota	Denmark	Org_R002	Customer Success Manager	q6d	5.0	"Thinking only about <span class=""clr""><b>[VENDOR] [DIGITAL_SECTOR]</b></span>, please indicate your level of agreement with each of the following statements regarding the <b><u>Quality of [VENDOR] [DIGITAL_SECTOR] Service & Support</u></b> – this includes the <b>day-to-day support</b> [VENDOR] provides to your [SECTOR] and players."	The right people are empowered to make decisions to resolve issues	5	2025-05-08 09:00:04
6	191	23	Morgan	Dakota	Denmark	Org_R002	Customer Success Manager	q7a	5.0	"Thinking only about <span class=""clr""><b>[VENDOR] [SECTOR]</b></span>, please indicate your level of agreement with each of the following statements regarding <b><u>[VENDOR] [SECTOR] Products & Solutions</u></b>, such as terminals, vending, central systems, and business intelligence applications (e.g., Sales Wizard, Retailer Wizard, etc.)."	Products and solutions are stable and reliable	5	2025-05-08 09:00:04
6	191	24	Morgan	Dakota	Denmark	Org_R002	Customer Success Manager	q7a	5.0	"Thinking only about <span class=""clr""><b>[VENDOR] [SECTOR]</b></span>, please indicate your level of agreement with each of the following statements regarding <b><u>[VENDOR] [SECTOR] Products & Solutions</u></b>, such as terminals, vending, central systems, and business intelligence applications (e.g., Sales Wizard, Retailer Wizard, etc.)."	Provides features & functionality that meet our needs to manage and grow our business	5	2025-05-08 09:00:04
6	191	25	Morgan	Dakota	Denmark	Org_R002	Customer Success Manager	q7a	5.0	"Thinking only about <span class=""clr""><b>[VENDOR] [SECTOR]</b></span>, please indicate your level of agreement with each of the following statements regarding <b><u>[VENDOR] [SECTOR] Products & Solutions</u></b>, such as terminals, vending, central systems, and business intelligence applications (e.g., Sales Wizard, Retailer Wizard, etc.)."	Provides products and solutions innovation we need	5	2025-05-08 09:00:04
6	191	26	Morgan	Dakota	Denmark	Org_R002	Customer Success Manager	q7a	5.0	"Thinking only about <span class=""clr""><b>[VENDOR] [SECTOR]</b></span>, please indicate your level of agreement with each of the following statements regarding <b><u>[VENDOR] [SECTOR] Products & Solutions</u></b>, such as terminals, vending, central systems, and business intelligence applications (e.g., Sales Wizard, Retailer Wizard, etc.)."	Has well defined product and solutions roadmaps	5	2025-05-08 09:00:04
6	191	27	Morgan	Dakota	Denmark	Org_R002	Customer Success Manager	q7b	5.0	"Thinking only about <span class=""clr""><b>[VENDOR] [PRODUCT_A]</b></span>, please indicate your level of agreement with each of the following statements regarding <b><u>[VENDOR] [PRODUCT_A] Products & Solutions</u></b>, such as instant tickets/scratch cards."	Provides products and solutions innovation we need	5	2025-05-08 09:00:04
6	191	28	Morgan	Dakota	Denmark	Org_R002	Customer Success Manager	q7b	5.0	"Thinking only about <span class=""clr""><b>[VENDOR] [PRODUCT_A]</b></span>, please indicate your level of agreement with each of the following statements regarding <b><u>[VENDOR] [PRODUCT_A] Products & Solutions</u></b>, such as instant tickets/scratch cards."	Has well defined product and solutions roadmaps	5	2025-05-08 09:00:04
6	191	29	Morgan	Dakota	Denmark	Org_R002	Customer Success Manager	q7d	5.0	"Thinking only about <span class=""clr""><b>[VENDOR] [DIGITAL_SECTOR]</b></span>, please indicate your level of agreement with each of the following statements regarding <b><u>[VENDOR] [DIGITAL_SECTOR] Products & Solutions</u></b>, such as [DIGITAL_SECTOR] platform, eDraw, eInstants, and player services."	Products and solutions are stable and reliable	5	2025-05-08 09:00:04
6	191	3	Morgan	Dakota	Denmark	Org_R002	Customer Success Manager	q5ab		Why did you rate your willingness to recommend a <b>10</b>?		Always on time with releases, minimal to no issues post live release. 	2025-05-08 09:00:04
6	191	30	Morgan	Dakota	Denmark	Org_R002	Customer Success Manager	q7d	5.0	"Thinking only about <span class=""clr""><b>[VENDOR] [DIGITAL_SECTOR]</b></span>, please indicate your level of agreement with each of the following statements regarding <b><u>[VENDOR] [DIGITAL_SECTOR] Products & Solutions</u></b>, such as [DIGITAL_SECTOR] platform, eDraw, eInstants, and player services."	Provides products and solutions innovation we need	5	2025-05-08 09:00:04
6	191	31	Morgan	Dakota	Denmark	Org_R002	Customer Success Manager	q7d	5.0	"Thinking only about <span class=""clr""><b>[VENDOR] [DIGITAL_SECTOR]</b></span>, please indicate your level of agreement with each of the following statements regarding <b><u>[VENDOR] [DIGITAL_SECTOR] Products & Solutions</u></b>, such as [DIGITAL_SECTOR] platform, eDraw, eInstants, and player services."	Has well defined product and solutions roadmaps	5	2025-05-08 09:00:04
6	191	32	Morgan	Dakota	Denmark	Org_R002	Customer Success Manager	q7d	5.0	"Thinking only about <span class=""clr""><b>[VENDOR] [DIGITAL_SECTOR]</b></span>, please indicate your level of agreement with each of the following statements regarding <b><u>[VENDOR] [DIGITAL_SECTOR] Products & Solutions</u></b>, such as [DIGITAL_SECTOR] platform, eDraw, eInstants, and player services."	Helps support our Responsible Gaming Programs through the games and game design services [VENDOR] provides	5	2025-05-08 09:00:04
6	191	33	Morgan	Dakota	Denmark	Org_R002	Customer Success Manager	q8a	5.0	"Thinking only about <span class=""clr""><b>[VENDOR] [SECTOR]</b></span>, please indicate your level of agreement with each of the following statements regarding the <b><u>[VENDOR] [SECTOR] Software Delivery Services</u></b> you need for its products and solutions."	Assists us in defining our software requirements & solution configurations	5	2025-05-08 09:00:04
6	191	34	Morgan	Dakota	Denmark	Org_R002	Customer Success Manager	q8a	5.0	"Thinking only about <span class=""clr""><b>[VENDOR] [SECTOR]</b></span>, please indicate your level of agreement with each of the following statements regarding the <b><u>[VENDOR] [SECTOR] Software Delivery Services</u></b> you need for its products and solutions."	Provides quality upon release to production	5	2025-05-08 09:00:04
6	191	35	Morgan	Dakota	Denmark	Org_R002	Customer Success Manager	q8a	5.0	"Thinking only about <span class=""clr""><b>[VENDOR] [SECTOR]</b></span>, please indicate your level of agreement with each of the following statements regarding the <b><u>[VENDOR] [SECTOR] Software Delivery Services</u></b> you need for its products and solutions."	Adheres to mutually agreed upon software schedules	5	2025-05-08 09:00:04
6	191	36	Morgan	Dakota	Denmark	Org_R002	Customer Success Manager	q8a	5.0	"Thinking only about <span class=""clr""><b>[VENDOR] [SECTOR]</b></span>, please indicate your level of agreement with each of the following statements regarding the <b><u>[VENDOR] [SECTOR] Software Delivery Services</u></b> you need for its products and solutions."	Meets commitments for delivery of software	5	2025-05-08 09:00:04
6	191	37	Morgan	Dakota	Denmark	Org_R002	Customer Success Manager	q8d	5.0	"Thinking only about <span class=""clr""><b>[VENDOR] [DIGITAL_SECTOR]</b></span>, please indicate your level of agreement with each of the following statements regarding the <b><u>[VENDOR] [DIGITAL_SECTOR] Software Delivery Services</u></b> you need for its products and solutions."	Provides quality upon release to production	5	2025-05-08 09:00:04
6	191	38	Morgan	Dakota	Denmark	Org_R002	Customer Success Manager	q8d	5.0	"Thinking only about <span class=""clr""><b>[VENDOR] [DIGITAL_SECTOR]</b></span>, please indicate your level of agreement with each of the following statements regarding the <b><u>[VENDOR] [DIGITAL_SECTOR] Software Delivery Services</u></b> you need for its products and solutions."	Adheres to mutually agreed upon software schedules	5	2025-05-08 09:00:04
6	191	39	Morgan	Dakota	Denmark	Org_R002	Customer Success Manager	q8d	5.0	"Thinking only about <span class=""clr""><b>[VENDOR] [DIGITAL_SECTOR]</b></span>, please indicate your level of agreement with each of the following statements regarding the <b><u>[VENDOR] [DIGITAL_SECTOR] Software Delivery Services</u></b> you need for its products and solutions."	Meets commitments for delivery of software	5	2025-05-08 09:00:04
6	191	4	Morgan	Dakota	Denmark	Org_R002	Customer Success Manager	q3		Which of the following [VENDOR] businesses do you work with?		[VENDOR] [SECTOR] (Central Systems, Terminals, Marketing Support, Games), [VENDOR] [PRODUCT_A] (Instant [PRODUCT_A], [PRODUCT_B], and Services), and [VENDOR] [DIGITAL_SECTOR] ([DIGITAL_SECTOR] wagering, eDraw, eInstants, Player Account Management (PAM), mobile app, and website)	2025-05-08 09:00:04
6	191	40	Morgan	Dakota	Denmark	Org_R002	Customer Success Manager	q9a		"Thinking only about <span class=""clr""><b>[VENDOR] [SECTOR]</b></span>, please indicate your level of agreement with each of the following statements regarding <b><U>[VENDOR] [SECTOR] Sales and Marketing Support</u></b>."	Shares its industry relevant knowledge		2025-05-08 09:00:04
6	191	41	Morgan	Dakota	Denmark	Org_R002	Customer Success Manager	q9a		"Thinking only about <span class=""clr""><b>[VENDOR] [SECTOR]</b></span>, please indicate your level of agreement with each of the following statements regarding <b><U>[VENDOR] [SECTOR] Sales and Marketing Support</u></b>."	Offers useful recommendations for how we can optimize the performance of our existing games		2025-05-08 09:00:04
6	191	42	Morgan	Dakota	Denmark	Org_R002	Customer Success Manager	q9a		"Thinking only about <span class=""clr""><b>[VENDOR] [SECTOR]</b></span>, please indicate your level of agreement with each of the following statements regarding <b><U>[VENDOR] [SECTOR] Sales and Marketing Support</u></b>."	Helps us optimize our new and existing sales channels		2025-05-08 09:00:04
6	191	43	Morgan	Dakota	Denmark	Org_R002	Customer Success Manager	q9a		"Thinking only about <span class=""clr""><b>[VENDOR] [SECTOR]</b></span>, please indicate your level of agreement with each of the following statements regarding <b><U>[VENDOR] [SECTOR] Sales and Marketing Support</u></b>."	Helps us develop new and innovative games		2025-05-08 09:00:04
6	191	44	Morgan	Dakota	Denmark	Org_R002	Customer Success Manager	q9b		"Thinking only about <span class=""clr""><b>[VENDOR] [PRODUCT_A]</b></span>, please indicate your level of agreement with each of the following statements regarding <b><u>[VENDOR] [PRODUCT_A] Sales and Marketing Support</u></b>."	Shares its industry relevant knowledge		2025-05-08 09:00:04
6	191	45	Morgan	Dakota	Denmark	Org_R002	Customer Success Manager	q9b		"Thinking only about <span class=""clr""><b>[VENDOR] [PRODUCT_A]</b></span>, please indicate your level of agreement with each of the following statements regarding <b><u>[VENDOR] [PRODUCT_A] Sales and Marketing Support</u></b>."	Offers useful recommendations for how we can optimize the performance of our existing games		2025-05-08 09:00:04
6	191	46	Morgan	Dakota	Denmark	Org_R002	Customer Success Manager	q9b		"Thinking only about <span class=""clr""><b>[VENDOR] [PRODUCT_A]</b></span>, please indicate your level of agreement with each of the following statements regarding <b><u>[VENDOR] [PRODUCT_A] Sales and Marketing Support</u></b>."	Provides licensed property programs that meet our objectives / needs		2025-05-08 09:00:04
6	191	47	Morgan	Dakota	Denmark	Org_R002	Customer Success Manager	q9d		"Thinking only about <span class=""clr""><b>[VENDOR] [DIGITAL_SECTOR]</b></span>, please indicate your level of agreement with each of the following statements regarding <b><u>[VENDOR] [DIGITAL_SECTOR] Sales and Marketing Support</u></b>."	Shares its industry relevant knowledge		2025-05-08 09:00:04
6	191	48	Morgan	Dakota	Denmark	Org_R002	Customer Success Manager	q9d		"Thinking only about <span class=""clr""><b>[VENDOR] [DIGITAL_SECTOR]</b></span>, please indicate your level of agreement with each of the following statements regarding <b><u>[VENDOR] [DIGITAL_SECTOR] Sales and Marketing Support</u></b>."	Helps to identify initiatives to drive my digital growth		2025-05-08 09:00:04
6	191	49	Morgan	Dakota	Denmark	Org_R002	Customer Success Manager	q9d		"Thinking only about <span class=""clr""><b>[VENDOR] [DIGITAL_SECTOR]</b></span>, please indicate your level of agreement with each of the following statements regarding <b><u>[VENDOR] [DIGITAL_SECTOR] Sales and Marketing Support</u></b>."	Helps to optimize my player experience		2025-05-08 09:00:04
6	191	5	Morgan	Dakota	Denmark	Org_R002	Customer Success Manager	q5a	5.0	"Thinking only about <span class=""clr""><b>[VENDOR] [SECTOR]</b></span>, please indicate your level of agreement with the following statements:"	Overall, I am satisfied with our relationship	5	2025-05-08 09:00:04
6	191	50	Morgan	Dakota	Denmark	Org_R002	Customer Success Manager	q10a	5.0	"Thinking only about <span class=""clr""><b>[VENDOR] [SECTOR]</b></span>, please indicate your level of agreement with each of the following statements regarding <b><u>[VENDOR] [SECTOR] Alignment to Customer Goals & Priorities</u></b>."	Has a strong understanding of our goals / priorities	5	2025-05-08 09:00:04
6	191	51	Morgan	Dakota	Denmark	Org_R002	Customer Success Manager	q10a	5.0	"Thinking only about <span class=""clr""><b>[VENDOR] [SECTOR]</b></span>, please indicate your level of agreement with each of the following statements regarding <b><u>[VENDOR] [SECTOR] Alignment to Customer Goals & Priorities</u></b>."	Is flexible and responsive to changes in needs	5	2025-05-08 09:00:04
6	191	52	Morgan	Dakota	Denmark	Org_R002	Customer Success Manager	q10a	5.0	"Thinking only about <span class=""clr""><b>[VENDOR] [SECTOR]</b></span>, please indicate your level of agreement with each of the following statements regarding <b><u>[VENDOR] [SECTOR] Alignment to Customer Goals & Priorities</u></b>."	I consider [VENDOR] to be an industry thought leader	5	2025-05-08 09:00:04
6	191	53	Morgan	Dakota	Denmark	Org_R002	Customer Success Manager	q10b	5.0	"Thinking only about <span class=""clr""><b>[VENDOR] [PRODUCT_A]</b></span>, please indicate your level of agreement with each of the following statements regarding <b><u>[VENDOR] [PRODUCT_A] Alignment to Customer Goals & Priorities</u></b>."	Has a strong understanding of our goals / priorities	5	2025-05-08 09:00:04
6	191	54	Morgan	Dakota	Denmark	Org_R002	Customer Success Manager	q10b	5.0	"Thinking only about <span class=""clr""><b>[VENDOR] [PRODUCT_A]</b></span>, please indicate your level of agreement with each of the following statements regarding <b><u>[VENDOR] [PRODUCT_A] Alignment to Customer Goals & Priorities</u></b>."	Is flexible and responsive to changes in needs	5	2025-05-08 09:00:04
6	191	55	Morgan	Dakota	Denmark	Org_R002	Customer Success Manager	q10d	5.0	"Thinking only about <span class=""clr""><b>[VENDOR] [DIGITAL_SECTOR]</b></span>, please indicate your level of agreement with each of the following statements regarding <b><u>[VENDOR] [DIGITAL_SECTOR] Alignment to Customer Goals & Priorities</u></b>."	Has a strong understanding of our goals / priorities	5	2025-05-08 09:00:04
6	191	56	Morgan	Dakota	Denmark	Org_R002	Customer Success Manager	q10d	5.0	"Thinking only about <span class=""clr""><b>[VENDOR] [DIGITAL_SECTOR]</b></span>, please indicate your level of agreement with each of the following statements regarding <b><u>[VENDOR] [DIGITAL_SECTOR] Alignment to Customer Goals & Priorities</u></b>."	Is flexible and responsive to changes in needs	5	2025-05-08 09:00:04
6	191	57	Morgan	Dakota	Denmark	Org_R002	Customer Success Manager	q11new_oe		If you could offer ONE piece of advice to [VENDOR] in terms of <u>what [VENDOR] can do better or differently to continue to earn your business and your trust in the future</u>, what advice would you give?		.	2025-05-08 09:00:04
6	191	58	Morgan	Dakota	Denmark	Org_R002	Customer Success Manager	q12_oe		What does <b>[VENDOR] currently do WELL</b> and should CONTINUE to focus on?		.	2025-05-08 09:00:04
6	191	6	Morgan	Dakota	Denmark	Org_R002	Customer Success Manager	q5a	5.0	"Thinking only about <span class=""clr""><b>[VENDOR] [SECTOR]</b></span>, please indicate your level of agreement with the following statements:"	Their products, services, and support are worth what we pay for them	5	2025-05-08 09:00:04
6	191	7	Morgan	Dakota	Denmark	Org_R002	Customer Success Manager	q5a	5.0	"Thinking only about <span class=""clr""><b>[VENDOR] [SECTOR]</b></span>, please indicate your level of agreement with the following statements:"	I would select them again as our [SECTOR] solutions partner	5	2025-05-08 09:00:04
6	191	8	Morgan	Dakota	Denmark	Org_R002	Customer Success Manager	q5b	5.0	"Thinking only about <span class=""clr""><b>[VENDOR] [PRODUCT_A]</b></span>, please indicate your level of agreement with the following statements:"	Overall, I am satisfied with our relationship	5	2025-05-08 09:00:04
6	191	9	Morgan	Dakota	Denmark	Org_R002	Customer Success Manager	q5b	5.0	"Thinking only about <span class=""clr""><b>[VENDOR] [PRODUCT_A]</b></span>, please indicate your level of agreement with the following statements:"	Their products, services, and support are worth what we pay for them	5	2025-05-08 09:00:04
9	188	1	Tanner	Quinn	Latvia	Org_R003	Digital Products Lead	q1new		"<p data-rte-root=""true"">To start, please answer the following few questions:</p> <p data-rte-root=""true"">Which of the following describes your role within your [SECTOR]?</p>"		, and <b>Organizational Support:</b> includes <u>any</u> of the following – finance, accounting, social responsibility, security, compliance, legal. Job titles could include: Managers of Legal, Finance and/or Contracting, CSR, Compliance and/or other support roles	2025-05-08 13:27:50
9	188	10	Tanner	Quinn	Latvia	Org_R003	Digital Products Lead	q5b	3.0	"Thinking only about <span class=""clr""><b>[VENDOR] [PRODUCT_A]</b></span>, please indicate your level of agreement with the following statements:"	I would select them again as our [SECTOR] solutions partner	3	2025-05-08 13:27:50
9	188	11	Tanner	Quinn	Latvia	Org_R003	Digital Products Lead	q5d		"Thinking only about <span class=""clr""><b>[VENDOR] [DIGITAL_SECTOR]</b></span>, please indicate your level of agreement with the following statements:"	Overall, I am satisfied with our relationship		2025-05-08 13:27:50
9	188	12	Tanner	Quinn	Latvia	Org_R003	Digital Products Lead	q5d		"Thinking only about <span class=""clr""><b>[VENDOR] [DIGITAL_SECTOR]</b></span>, please indicate your level of agreement with the following statements:"	Their products, services, and support are worth what we pay for them		2025-05-08 13:27:50
9	188	13	Tanner	Quinn	Latvia	Org_R003	Digital Products Lead	q5d		"Thinking only about <span class=""clr""><b>[VENDOR] [DIGITAL_SECTOR]</b></span>, please indicate your level of agreement with the following statements:"	I would select them again as our [SECTOR] solutions partner		2025-05-08 13:27:50
9	188	14	Tanner	Quinn	Latvia	Org_R003	Digital Products Lead	q6a		"Thinking only about <span class=""clr""><b>[VENDOR] [SECTOR]</b></span>, please indicate your level of agreement with each of the following statements regarding the <b><u>Quality of [VENDOR] [SECTOR] Service & Support</u></b> – this includes the <b>day-to-day support</b> [VENDOR] provides to your [SECTOR] and retailers."	I am satisfied with [VENDOR] team’s service and support		2025-05-08 13:27:50
9	188	15	Tanner	Quinn	Latvia	Org_R003	Digital Products Lead	q6a		"Thinking only about <span class=""clr""><b>[VENDOR] [SECTOR]</b></span>, please indicate your level of agreement with each of the following statements regarding the <b><u>Quality of [VENDOR] [SECTOR] Service & Support</u></b> – this includes the <b>day-to-day support</b> [VENDOR] provides to your [SECTOR] and retailers."	Is responsive to our needs		2025-05-08 13:27:50
9	188	16	Tanner	Quinn	Latvia	Org_R003	Digital Products Lead	q6a		"Thinking only about <span class=""clr""><b>[VENDOR] [SECTOR]</b></span>, please indicate your level of agreement with each of the following statements regarding the <b><u>Quality of [VENDOR] [SECTOR] Service & Support</u></b> – this includes the <b>day-to-day support</b> [VENDOR] provides to your [SECTOR] and retailers."	The right people are empowered to make decisions to resolve issues		2025-05-08 13:27:50
9	188	17	Tanner	Quinn	Latvia	Org_R003	Digital Products Lead	q6a		"Thinking only about <span class=""clr""><b>[VENDOR] [SECTOR]</b></span>, please indicate your level of agreement with each of the following statements regarding the <b><u>Quality of [VENDOR] [SECTOR] Service & Support</u></b> – this includes the <b>day-to-day support</b> [VENDOR] provides to your [SECTOR] and retailers."	Is an industry service & support expert		2025-05-08 13:27:50
9	188	18	Tanner	Quinn	Latvia	Org_R003	Digital Products Lead	q6b		"Thinking only about <span class=""clr""><b>[VENDOR] [PRODUCT_A]</b></span>, please indicate your level of agreement with each of the following statements regarding the <b><u>Quality of [VENDOR] [PRODUCT_A] Service & Support</u></b> – this includes the <b>day-to-day support</b> [VENDOR] provides to your [SECTOR]."	I am satisfied with [VENDOR] team’s service and support		2025-05-08 13:27:50
9	188	19	Tanner	Quinn	Latvia	Org_R003	Digital Products Lead	q6b		"Thinking only about <span class=""clr""><b>[VENDOR] [PRODUCT_A]</b></span>, please indicate your level of agreement with each of the following statements regarding the <b><u>Quality of [VENDOR] [PRODUCT_A] Service & Support</u></b> – this includes the <b>day-to-day support</b> [VENDOR] provides to your [SECTOR]."	Is responsive to our needs		2025-05-08 13:27:50
9	188	2	Tanner	Quinn	Latvia	Org_R003	Digital Products Lead	q5aa	6.0	How likely are you to recommend [VENDOR] to other [SECTOR_PLURAL] with similar needs as your own? Please use a 0-10 scale, where 0 means “Not at All Likely” and 10 means “Extremely Likely”.		6	2025-05-08 13:27:50
9	188	20	Tanner	Quinn	Latvia	Org_R003	Digital Products Lead	q6d		"Thinking only about <span class=""clr""><b>[VENDOR] [DIGITAL_SECTOR]</b></span>, please indicate your level of agreement with each of the following statements regarding the <b><u>Quality of [VENDOR] [DIGITAL_SECTOR] Service & Support</u></b> – this includes the <b>day-to-day support</b> [VENDOR] provides to your [SECTOR] and players."	I am satisfied with [VENDOR] team’s service and support		2025-05-08 13:27:50
9	188	21	Tanner	Quinn	Latvia	Org_R003	Digital Products Lead	q6d		"Thinking only about <span class=""clr""><b>[VENDOR] [DIGITAL_SECTOR]</b></span>, please indicate your level of agreement with each of the following statements regarding the <b><u>Quality of [VENDOR] [DIGITAL_SECTOR] Service & Support</u></b> – this includes the <b>day-to-day support</b> [VENDOR] provides to your [SECTOR] and players."	Is responsive to our needs		2025-05-08 13:27:50
9	188	22	Tanner	Quinn	Latvia	Org_R003	Digital Products Lead	q6d		"Thinking only about <span class=""clr""><b>[VENDOR] [DIGITAL_SECTOR]</b></span>, please indicate your level of agreement with each of the following statements regarding the <b><u>Quality of [VENDOR] [DIGITAL_SECTOR] Service & Support</u></b> – this includes the <b>day-to-day support</b> [VENDOR] provides to your [SECTOR] and players."	The right people are empowered to make decisions to resolve issues		2025-05-08 13:27:50
9	188	23	Tanner	Quinn	Latvia	Org_R003	Digital Products Lead	q7a		"Thinking only about <span class=""clr""><b>[VENDOR] [SECTOR]</b></span>, please indicate your level of agreement with each of the following statements regarding <b><u>[VENDOR] [SECTOR] Products & Solutions</u></b>, such as terminals, vending, central systems, and business intelligence applications (e.g., Sales Wizard, Retailer Wizard, etc.)."	Products and solutions are stable and reliable		2025-05-08 13:27:50
9	188	24	Tanner	Quinn	Latvia	Org_R003	Digital Products Lead	q7a		"Thinking only about <span class=""clr""><b>[VENDOR] [SECTOR]</b></span>, please indicate your level of agreement with each of the following statements regarding <b><u>[VENDOR] [SECTOR] Products & Solutions</u></b>, such as terminals, vending, central systems, and business intelligence applications (e.g., Sales Wizard, Retailer Wizard, etc.)."	Provides features & functionality that meet our needs to manage and grow our business		2025-05-08 13:27:50
9	188	25	Tanner	Quinn	Latvia	Org_R003	Digital Products Lead	q7a		"Thinking only about <span class=""clr""><b>[VENDOR] [SECTOR]</b></span>, please indicate your level of agreement with each of the following statements regarding <b><u>[VENDOR] [SECTOR] Products & Solutions</u></b>, such as terminals, vending, central systems, and business intelligence applications (e.g., Sales Wizard, Retailer Wizard, etc.)."	Provides products and solutions innovation we need		2025-05-08 13:27:50
9	188	26	Tanner	Quinn	Latvia	Org_R003	Digital Products Lead	q7a		"Thinking only about <span class=""clr""><b>[VENDOR] [SECTOR]</b></span>, please indicate your level of agreement with each of the following statements regarding <b><u>[VENDOR] [SECTOR] Products & Solutions</u></b>, such as terminals, vending, central systems, and business intelligence applications (e.g., Sales Wizard, Retailer Wizard, etc.)."	Has well defined product and solutions roadmaps		2025-05-08 13:27:50
9	188	27	Tanner	Quinn	Latvia	Org_R003	Digital Products Lead	q7b		"Thinking only about <span class=""clr""><b>[VENDOR] [PRODUCT_A]</b></span>, please indicate your level of agreement with each of the following statements regarding <b><u>[VENDOR] [PRODUCT_A] Products & Solutions</u></b>, such as instant tickets/scratch cards."	Provides products and solutions innovation we need		2025-05-08 13:27:50
9	188	28	Tanner	Quinn	Latvia	Org_R003	Digital Products Lead	q7b		"Thinking only about <span class=""clr""><b>[VENDOR] [PRODUCT_A]</b></span>, please indicate your level of agreement with each of the following statements regarding <b><u>[VENDOR] [PRODUCT_A] Products & Solutions</u></b>, such as instant tickets/scratch cards."	Has well defined product and solutions roadmaps		2025-05-08 13:27:50
9	188	29	Tanner	Quinn	Latvia	Org_R003	Digital Products Lead	q7d		"Thinking only about <span class=""clr""><b>[VENDOR] [DIGITAL_SECTOR]</b></span>, please indicate your level of agreement with each of the following statements regarding <b><u>[VENDOR] [DIGITAL_SECTOR] Products & Solutions</u></b>, such as [DIGITAL_SECTOR] platform, eDraw, eInstants, and player services."	Products and solutions are stable and reliable		2025-05-08 13:27:50
9	188	3	Tanner	Quinn	Latvia	Org_R003	Digital Products Lead	q5ab		Why did you rate your willingness to recommend a <b>6</b>?		N/A DO NOT USE 	2025-05-08 13:27:50
9	188	30	Tanner	Quinn	Latvia	Org_R003	Digital Products Lead	q7d		"Thinking only about <span class=""clr""><b>[VENDOR] [DIGITAL_SECTOR]</b></span>, please indicate your level of agreement with each of the following statements regarding <b><u>[VENDOR] [DIGITAL_SECTOR] Products & Solutions</u></b>, such as [DIGITAL_SECTOR] platform, eDraw, eInstants, and player services."	Provides products and solutions innovation we need		2025-05-08 13:27:50
9	188	31	Tanner	Quinn	Latvia	Org_R003	Digital Products Lead	q7d		"Thinking only about <span class=""clr""><b>[VENDOR] [DIGITAL_SECTOR]</b></span>, please indicate your level of agreement with each of the following statements regarding <b><u>[VENDOR] [DIGITAL_SECTOR] Products & Solutions</u></b>, such as [DIGITAL_SECTOR] platform, eDraw, eInstants, and player services."	Has well defined product and solutions roadmaps		2025-05-08 13:27:50
9	188	32	Tanner	Quinn	Latvia	Org_R003	Digital Products Lead	q7d		"Thinking only about <span class=""clr""><b>[VENDOR] [DIGITAL_SECTOR]</b></span>, please indicate your level of agreement with each of the following statements regarding <b><u>[VENDOR] [DIGITAL_SECTOR] Products & Solutions</u></b>, such as [DIGITAL_SECTOR] platform, eDraw, eInstants, and player services."	Helps support our Responsible Gaming Programs through the games and game design services [VENDOR] provides		2025-05-08 13:27:50
9	188	33	Tanner	Quinn	Latvia	Org_R003	Digital Products Lead	q8a		"Thinking only about <span class=""clr""><b>[VENDOR] [SECTOR]</b></span>, please indicate your level of agreement with each of the following statements regarding the <b><u>[VENDOR] [SECTOR] Software Delivery Services</u></b> you need for its products and solutions."	Assists us in defining our software requirements & solution configurations		2025-05-08 13:27:50
9	188	34	Tanner	Quinn	Latvia	Org_R003	Digital Products Lead	q8a		"Thinking only about <span class=""clr""><b>[VENDOR] [SECTOR]</b></span>, please indicate your level of agreement with each of the following statements regarding the <b><u>[VENDOR] [SECTOR] Software Delivery Services</u></b> you need for its products and solutions."	Provides quality upon release to production		2025-05-08 13:27:50
9	188	35	Tanner	Quinn	Latvia	Org_R003	Digital Products Lead	q8a		"Thinking only about <span class=""clr""><b>[VENDOR] [SECTOR]</b></span>, please indicate your level of agreement with each of the following statements regarding the <b><u>[VENDOR] [SECTOR] Software Delivery Services</u></b> you need for its products and solutions."	Adheres to mutually agreed upon software schedules		2025-05-08 13:27:50
9	188	36	Tanner	Quinn	Latvia	Org_R003	Digital Products Lead	q8a		"Thinking only about <span class=""clr""><b>[VENDOR] [SECTOR]</b></span>, please indicate your level of agreement with each of the following statements regarding the <b><u>[VENDOR] [SECTOR] Software Delivery Services</u></b> you need for its products and solutions."	Meets commitments for delivery of software		2025-05-08 13:27:50
9	188	37	Tanner	Quinn	Latvia	Org_R003	Digital Products Lead	q8d		"Thinking only about <span class=""clr""><b>[VENDOR] [DIGITAL_SECTOR]</b></span>, please indicate your level of agreement with each of the following statements regarding the <b><u>[VENDOR] [DIGITAL_SECTOR] Software Delivery Services</u></b> you need for its products and solutions."	Provides quality upon release to production		2025-05-08 13:27:50
9	188	38	Tanner	Quinn	Latvia	Org_R003	Digital Products Lead	q8d		"Thinking only about <span class=""clr""><b>[VENDOR] [DIGITAL_SECTOR]</b></span>, please indicate your level of agreement with each of the following statements regarding the <b><u>[VENDOR] [DIGITAL_SECTOR] Software Delivery Services</u></b> you need for its products and solutions."	Adheres to mutually agreed upon software schedules		2025-05-08 13:27:50
9	188	39	Tanner	Quinn	Latvia	Org_R003	Digital Products Lead	q8d		"Thinking only about <span class=""clr""><b>[VENDOR] [DIGITAL_SECTOR]</b></span>, please indicate your level of agreement with each of the following statements regarding the <b><u>[VENDOR] [DIGITAL_SECTOR] Software Delivery Services</u></b> you need for its products and solutions."	Meets commitments for delivery of software		2025-05-08 13:27:50
9	188	4	Tanner	Quinn	Latvia	Org_R003	Digital Products Lead	q3		Which of the following [VENDOR] businesses do you work with?		, and [VENDOR] [PRODUCT_A] (Instant [PRODUCT_A], [PRODUCT_B], and Services)	2025-05-08 13:27:50
9	188	40	Tanner	Quinn	Latvia	Org_R003	Digital Products Lead	q9a		"Thinking only about <span class=""clr""><b>[VENDOR] [SECTOR]</b></span>, please indicate your level of agreement with each of the following statements regarding <b><U>[VENDOR] [SECTOR] Sales and Marketing Support</u></b>."	Shares its industry relevant knowledge		2025-05-08 13:27:50
9	188	41	Tanner	Quinn	Latvia	Org_R003	Digital Products Lead	q9a		"Thinking only about <span class=""clr""><b>[VENDOR] [SECTOR]</b></span>, please indicate your level of agreement with each of the following statements regarding <b><U>[VENDOR] [SECTOR] Sales and Marketing Support</u></b>."	Offers useful recommendations for how we can optimize the performance of our existing games		2025-05-08 13:27:50
9	188	42	Tanner	Quinn	Latvia	Org_R003	Digital Products Lead	q9a		"Thinking only about <span class=""clr""><b>[VENDOR] [SECTOR]</b></span>, please indicate your level of agreement with each of the following statements regarding <b><U>[VENDOR] [SECTOR] Sales and Marketing Support</u></b>."	Helps us optimize our new and existing sales channels		2025-05-08 13:27:50
9	188	43	Tanner	Quinn	Latvia	Org_R003	Digital Products Lead	q9a		"Thinking only about <span class=""clr""><b>[VENDOR] [SECTOR]</b></span>, please indicate your level of agreement with each of the following statements regarding <b><U>[VENDOR] [SECTOR] Sales and Marketing Support</u></b>."	Helps us develop new and innovative games		2025-05-08 13:27:50
9	188	44	Tanner	Quinn	Latvia	Org_R003	Digital Products Lead	q9b		"Thinking only about <span class=""clr""><b>[VENDOR] [PRODUCT_A]</b></span>, please indicate your level of agreement with each of the following statements regarding <b><u>[VENDOR] [PRODUCT_A] Sales and Marketing Support</u></b>."	Shares its industry relevant knowledge		2025-05-08 13:27:50
9	188	45	Tanner	Quinn	Latvia	Org_R003	Digital Products Lead	q9b		"Thinking only about <span class=""clr""><b>[VENDOR] [PRODUCT_A]</b></span>, please indicate your level of agreement with each of the following statements regarding <b><u>[VENDOR] [PRODUCT_A] Sales and Marketing Support</u></b>."	Offers useful recommendations for how we can optimize the performance of our existing games		2025-05-08 13:27:50
9	188	46	Tanner	Quinn	Latvia	Org_R003	Digital Products Lead	q9b		"Thinking only about <span class=""clr""><b>[VENDOR] [PRODUCT_A]</b></span>, please indicate your level of agreement with each of the following statements regarding <b><u>[VENDOR] [PRODUCT_A] Sales and Marketing Support</u></b>."	Provides licensed property programs that meet our objectives / needs		2025-05-08 13:27:50
9	188	47	Tanner	Quinn	Latvia	Org_R003	Digital Products Lead	q9d		"Thinking only about <span class=""clr""><b>[VENDOR] [DIGITAL_SECTOR]</b></span>, please indicate your level of agreement with each of the following statements regarding <b><u>[VENDOR] [DIGITAL_SECTOR] Sales and Marketing Support</u></b>."	Shares its industry relevant knowledge		2025-05-08 13:27:50
9	188	48	Tanner	Quinn	Latvia	Org_R003	Digital Products Lead	q9d		"Thinking only about <span class=""clr""><b>[VENDOR] [DIGITAL_SECTOR]</b></span>, please indicate your level of agreement with each of the following statements regarding <b><u>[VENDOR] [DIGITAL_SECTOR] Sales and Marketing Support</u></b>."	Helps to identify initiatives to drive my digital growth		2025-05-08 13:27:50
9	188	49	Tanner	Quinn	Latvia	Org_R003	Digital Products Lead	q9d		"Thinking only about <span class=""clr""><b>[VENDOR] [DIGITAL_SECTOR]</b></span>, please indicate your level of agreement with each of the following statements regarding <b><u>[VENDOR] [DIGITAL_SECTOR] Sales and Marketing Support</u></b>."	Helps to optimize my player experience		2025-05-08 13:27:50
9	188	5	Tanner	Quinn	Latvia	Org_R003	Digital Products Lead	q5a		"Thinking only about <span class=""clr""><b>[VENDOR] [SECTOR]</b></span>, please indicate your level of agreement with the following statements:"	Overall, I am satisfied with our relationship		2025-05-08 13:27:50
9	188	50	Tanner	Quinn	Latvia	Org_R003	Digital Products Lead	q10a		"Thinking only about <span class=""clr""><b>[VENDOR] [SECTOR]</b></span>, please indicate your level of agreement with each of the following statements regarding <b><u>[VENDOR] [SECTOR] Alignment to Customer Goals & Priorities</u></b>."	Has a strong understanding of our goals / priorities		2025-05-08 13:27:50
9	188	51	Tanner	Quinn	Latvia	Org_R003	Digital Products Lead	q10a		"Thinking only about <span class=""clr""><b>[VENDOR] [SECTOR]</b></span>, please indicate your level of agreement with each of the following statements regarding <b><u>[VENDOR] [SECTOR] Alignment to Customer Goals & Priorities</u></b>."	Is flexible and responsive to changes in needs		2025-05-08 13:27:50
9	188	52	Tanner	Quinn	Latvia	Org_R003	Digital Products Lead	q10a		"Thinking only about <span class=""clr""><b>[VENDOR] [SECTOR]</b></span>, please indicate your level of agreement with each of the following statements regarding <b><u>[VENDOR] [SECTOR] Alignment to Customer Goals & Priorities</u></b>."	I consider [VENDOR] to be an industry thought leader		2025-05-08 13:27:50
9	188	53	Tanner	Quinn	Latvia	Org_R003	Digital Products Lead	q10b	3.0	"Thinking only about <span class=""clr""><b>[VENDOR] [PRODUCT_A]</b></span>, please indicate your level of agreement with each of the following statements regarding <b><u>[VENDOR] [PRODUCT_A] Alignment to Customer Goals & Priorities</u></b>."	Has a strong understanding of our goals / priorities	3	2025-05-08 13:27:50
9	188	54	Tanner	Quinn	Latvia	Org_R003	Digital Products Lead	q10b	3.0	"Thinking only about <span class=""clr""><b>[VENDOR] [PRODUCT_A]</b></span>, please indicate your level of agreement with each of the following statements regarding <b><u>[VENDOR] [PRODUCT_A] Alignment to Customer Goals & Priorities</u></b>."	Is flexible and responsive to changes in needs	3	2025-05-08 13:27:50
9	188	55	Tanner	Quinn	Latvia	Org_R003	Digital Products Lead	q10d		"Thinking only about <span class=""clr""><b>[VENDOR] [DIGITAL_SECTOR]</b></span>, please indicate your level of agreement with each of the following statements regarding <b><u>[VENDOR] [DIGITAL_SECTOR] Alignment to Customer Goals & Priorities</u></b>."	Has a strong understanding of our goals / priorities		2025-05-08 13:27:50
9	188	56	Tanner	Quinn	Latvia	Org_R003	Digital Products Lead	q10d		"Thinking only about <span class=""clr""><b>[VENDOR] [DIGITAL_SECTOR]</b></span>, please indicate your level of agreement with each of the following statements regarding <b><u>[VENDOR] [DIGITAL_SECTOR] Alignment to Customer Goals & Priorities</u></b>."	Is flexible and responsive to changes in needs		2025-05-08 13:27:50
9	188	57	Tanner	Quinn	Latvia	Org_R003	Digital Products Lead	q11new_oe		If you could offer ONE piece of advice to [VENDOR] in terms of <u>what [VENDOR] can do better or differently to continue to earn your business and your trust in the future</u>, what advice would you give?		N/A DO NOT USE	2025-05-08 13:27:50
9	188	58	Tanner	Quinn	Latvia	Org_R003	Digital Products Lead	q12_oe		What does <b>[VENDOR] currently do WELL</b> and should CONTINUE to focus on?		N/A DO NOT USE	2025-05-08 13:27:50
9	188	6	Tanner	Quinn	Latvia	Org_R003	Digital Products Lead	q5a		"Thinking only about <span class=""clr""><b>[VENDOR] [SECTOR]</b></span>, please indicate your level of agreement with the following statements:"	Their products, services, and support are worth what we pay for them		2025-05-08 13:27:50
9	188	7	Tanner	Quinn	Latvia	Org_R003	Digital Products Lead	q5a		"Thinking only about <span class=""clr""><b>[VENDOR] [SECTOR]</b></span>, please indicate your level of agreement with the following statements:"	I would select them again as our [SECTOR] solutions partner		2025-05-08 13:27:50
9	188	8	Tanner	Quinn	Latvia	Org_R003	Digital Products Lead	q5b	3.0	"Thinking only about <span class=""clr""><b>[VENDOR] [PRODUCT_A]</b></span>, please indicate your level of agreement with the following statements:"	Overall, I am satisfied with our relationship	3	2025-05-08 13:27:50
9	188	9	Tanner	Quinn	Latvia	Org_R003	Digital Products Lead	q5b	3.0	"Thinking only about <span class=""clr""><b>[VENDOR] [PRODUCT_A]</b></span>, please indicate your level of agreement with the following statements:"	Their products, services, and support are worth what we pay for them	3	2025-05-08 13:27:50
10	240	1	Sawyer	Logan	Luxembourg	Org_R004	Technology Manager	q1new		"<p data-rte-root=""true"">To start, please answer the following few questions:</p> <p data-rte-root=""true"">Which of the following describes your role within your [SECTOR]?</p>"		, and <b>Organizational Support:</b> includes <u>any</u> of the following – finance, accounting, social responsibility, security, compliance, legal. Job titles could include: Managers of Legal, Finance and/or Contracting, CSR, Compliance and/or other support roles	2025-05-08 13:28:35
10	240	10	Sawyer	Logan	Luxembourg	Org_R004	Technology Manager	q5b	4.0	"Thinking only about <span class=""clr""><b>[VENDOR] [PRODUCT_A]</b></span>, please indicate your level of agreement with the following statements:"	I would select them again as our [SECTOR] solutions partner	4	2025-05-08 13:28:35
10	240	11	Sawyer	Logan	Luxembourg	Org_R004	Technology Manager	q5d		"Thinking only about <span class=""clr""><b>[VENDOR] [DIGITAL_SECTOR]</b></span>, please indicate your level of agreement with the following statements:"	Overall, I am satisfied with our relationship		2025-05-08 13:28:35
10	240	12	Sawyer	Logan	Luxembourg	Org_R004	Technology Manager	q5d		"Thinking only about <span class=""clr""><b>[VENDOR] [DIGITAL_SECTOR]</b></span>, please indicate your level of agreement with the following statements:"	Their products, services, and support are worth what we pay for them		2025-05-08 13:28:35
10	240	13	Sawyer	Logan	Luxembourg	Org_R004	Technology Manager	q5d		"Thinking only about <span class=""clr""><b>[VENDOR] [DIGITAL_SECTOR]</b></span>, please indicate your level of agreement with the following statements:"	I would select them again as our [SECTOR] solutions partner		2025-05-08 13:28:35
10	240	14	Sawyer	Logan	Luxembourg	Org_R004	Technology Manager	q6a		"Thinking only about <span class=""clr""><b>[VENDOR] [SECTOR]</b></span>, please indicate your level of agreement with each of the following statements regarding the <b><u>Quality of [VENDOR] [SECTOR] Service & Support</u></b> – this includes the <b>day-to-day support</b> [VENDOR] provides to your [SECTOR] and retailers."	I am satisfied with [VENDOR] team’s service and support		2025-05-08 13:28:35
10	240	15	Sawyer	Logan	Luxembourg	Org_R004	Technology Manager	q6a		"Thinking only about <span class=""clr""><b>[VENDOR] [SECTOR]</b></span>, please indicate your level of agreement with each of the following statements regarding the <b><u>Quality of [VENDOR] [SECTOR] Service & Support</u></b> – this includes the <b>day-to-day support</b> [VENDOR] provides to your [SECTOR] and retailers."	Is responsive to our needs		2025-05-08 13:28:35
10	240	16	Sawyer	Logan	Luxembourg	Org_R004	Technology Manager	q6a		"Thinking only about <span class=""clr""><b>[VENDOR] [SECTOR]</b></span>, please indicate your level of agreement with each of the following statements regarding the <b><u>Quality of [VENDOR] [SECTOR] Service & Support</u></b> – this includes the <b>day-to-day support</b> [VENDOR] provides to your [SECTOR] and retailers."	The right people are empowered to make decisions to resolve issues		2025-05-08 13:28:35
10	240	17	Sawyer	Logan	Luxembourg	Org_R004	Technology Manager	q6a		"Thinking only about <span class=""clr""><b>[VENDOR] [SECTOR]</b></span>, please indicate your level of agreement with each of the following statements regarding the <b><u>Quality of [VENDOR] [SECTOR] Service & Support</u></b> – this includes the <b>day-to-day support</b> [VENDOR] provides to your [SECTOR] and retailers."	Is an industry service & support expert		2025-05-08 13:28:35
10	240	18	Sawyer	Logan	Luxembourg	Org_R004	Technology Manager	q6b		"Thinking only about <span class=""clr""><b>[VENDOR] [PRODUCT_A]</b></span>, please indicate your level of agreement with each of the following statements regarding the <b><u>Quality of [VENDOR] [PRODUCT_A] Service & Support</u></b> – this includes the <b>day-to-day support</b> [VENDOR] provides to your [SECTOR]."	I am satisfied with [VENDOR] team’s service and support		2025-05-08 13:28:35
10	240	19	Sawyer	Logan	Luxembourg	Org_R004	Technology Manager	q6b		"Thinking only about <span class=""clr""><b>[VENDOR] [PRODUCT_A]</b></span>, please indicate your level of agreement with each of the following statements regarding the <b><u>Quality of [VENDOR] [PRODUCT_A] Service & Support</u></b> – this includes the <b>day-to-day support</b> [VENDOR] provides to your [SECTOR]."	Is responsive to our needs		2025-05-08 13:28:35
10	240	2	Sawyer	Logan	Luxembourg	Org_R004	Technology Manager	q5aa	4.0	How likely are you to recommend [VENDOR] to other [SECTOR_PLURAL] with similar needs as your own? Please use a 0-10 scale, where 0 means “Not at All Likely” and 10 means “Extremely Likely”.		4	2025-05-08 13:28:35
10	240	20	Sawyer	Logan	Luxembourg	Org_R004	Technology Manager	q6d		"Thinking only about <span class=""clr""><b>[VENDOR] [DIGITAL_SECTOR]</b></span>, please indicate your level of agreement with each of the following statements regarding the <b><u>Quality of [VENDOR] [DIGITAL_SECTOR] Service & Support</u></b> – this includes the <b>day-to-day support</b> [VENDOR] provides to your [SECTOR] and players."	I am satisfied with [VENDOR] team’s service and support		2025-05-08 13:28:35
10	240	21	Sawyer	Logan	Luxembourg	Org_R004	Technology Manager	q6d		"Thinking only about <span class=""clr""><b>[VENDOR] [DIGITAL_SECTOR]</b></span>, please indicate your level of agreement with each of the following statements regarding the <b><u>Quality of [VENDOR] [DIGITAL_SECTOR] Service & Support</u></b> – this includes the <b>day-to-day support</b> [VENDOR] provides to your [SECTOR] and players."	Is responsive to our needs		2025-05-08 13:28:35
10	240	22	Sawyer	Logan	Luxembourg	Org_R004	Technology Manager	q6d		"Thinking only about <span class=""clr""><b>[VENDOR] [DIGITAL_SECTOR]</b></span>, please indicate your level of agreement with each of the following statements regarding the <b><u>Quality of [VENDOR] [DIGITAL_SECTOR] Service & Support</u></b> – this includes the <b>day-to-day support</b> [VENDOR] provides to your [SECTOR] and players."	The right people are empowered to make decisions to resolve issues		2025-05-08 13:28:35
10	240	23	Sawyer	Logan	Luxembourg	Org_R004	Technology Manager	q7a		"Thinking only about <span class=""clr""><b>[VENDOR] [SECTOR]</b></span>, please indicate your level of agreement with each of the following statements regarding <b><u>[VENDOR] [SECTOR] Products & Solutions</u></b>, such as terminals, vending, central systems, and business intelligence applications (e.g., Sales Wizard, Retailer Wizard, etc.)."	Products and solutions are stable and reliable		2025-05-08 13:28:35
10	240	24	Sawyer	Logan	Luxembourg	Org_R004	Technology Manager	q7a		"Thinking only about <span class=""clr""><b>[VENDOR] [SECTOR]</b></span>, please indicate your level of agreement with each of the following statements regarding <b><u>[VENDOR] [SECTOR] Products & Solutions</u></b>, such as terminals, vending, central systems, and business intelligence applications (e.g., Sales Wizard, Retailer Wizard, etc.)."	Provides features & functionality that meet our needs to manage and grow our business		2025-05-08 13:28:35
10	240	25	Sawyer	Logan	Luxembourg	Org_R004	Technology Manager	q7a		"Thinking only about <span class=""clr""><b>[VENDOR] [SECTOR]</b></span>, please indicate your level of agreement with each of the following statements regarding <b><u>[VENDOR] [SECTOR] Products & Solutions</u></b>, such as terminals, vending, central systems, and business intelligence applications (e.g., Sales Wizard, Retailer Wizard, etc.)."	Provides products and solutions innovation we need		2025-05-08 13:28:35
10	240	26	Sawyer	Logan	Luxembourg	Org_R004	Technology Manager	q7a		"Thinking only about <span class=""clr""><b>[VENDOR] [SECTOR]</b></span>, please indicate your level of agreement with each of the following statements regarding <b><u>[VENDOR] [SECTOR] Products & Solutions</u></b>, such as terminals, vending, central systems, and business intelligence applications (e.g., Sales Wizard, Retailer Wizard, etc.)."	Has well defined product and solutions roadmaps		2025-05-08 13:28:35
10	240	27	Sawyer	Logan	Luxembourg	Org_R004	Technology Manager	q7b		"Thinking only about <span class=""clr""><b>[VENDOR] [PRODUCT_A]</b></span>, please indicate your level of agreement with each of the following statements regarding <b><u>[VENDOR] [PRODUCT_A] Products & Solutions</u></b>, such as instant tickets/scratch cards."	Provides products and solutions innovation we need		2025-05-08 13:28:35
10	240	28	Sawyer	Logan	Luxembourg	Org_R004	Technology Manager	q7b		"Thinking only about <span class=""clr""><b>[VENDOR] [PRODUCT_A]</b></span>, please indicate your level of agreement with each of the following statements regarding <b><u>[VENDOR] [PRODUCT_A] Products & Solutions</u></b>, such as instant tickets/scratch cards."	Has well defined product and solutions roadmaps		2025-05-08 13:28:35
10	240	29	Sawyer	Logan	Luxembourg	Org_R004	Technology Manager	q7d		"Thinking only about <span class=""clr""><b>[VENDOR] [DIGITAL_SECTOR]</b></span>, please indicate your level of agreement with each of the following statements regarding <b><u>[VENDOR] [DIGITAL_SECTOR] Products & Solutions</u></b>, such as [DIGITAL_SECTOR] platform, eDraw, eInstants, and player services."	Products and solutions are stable and reliable		2025-05-08 13:28:35
10	240	3	Sawyer	Logan	Luxembourg	Org_R004	Technology Manager	q5ab		Why did you rate your willingness to recommend a <b>4</b>?		N/A DO NOT USE	2025-05-08 13:28:35
10	240	30	Sawyer	Logan	Luxembourg	Org_R004	Technology Manager	q7d		"Thinking only about <span class=""clr""><b>[VENDOR] [DIGITAL_SECTOR]</b></span>, please indicate your level of agreement with each of the following statements regarding <b><u>[VENDOR] [DIGITAL_SECTOR] Products & Solutions</u></b>, such as [DIGITAL_SECTOR] platform, eDraw, eInstants, and player services."	Provides products and solutions innovation we need		2025-05-08 13:28:35
10	240	31	Sawyer	Logan	Luxembourg	Org_R004	Technology Manager	q7d		"Thinking only about <span class=""clr""><b>[VENDOR] [DIGITAL_SECTOR]</b></span>, please indicate your level of agreement with each of the following statements regarding <b><u>[VENDOR] [DIGITAL_SECTOR] Products & Solutions</u></b>, such as [DIGITAL_SECTOR] platform, eDraw, eInstants, and player services."	Has well defined product and solutions roadmaps		2025-05-08 13:28:35
10	240	32	Sawyer	Logan	Luxembourg	Org_R004	Technology Manager	q7d		"Thinking only about <span class=""clr""><b>[VENDOR] [DIGITAL_SECTOR]</b></span>, please indicate your level of agreement with each of the following statements regarding <b><u>[VENDOR] [DIGITAL_SECTOR] Products & Solutions</u></b>, such as [DIGITAL_SECTOR] platform, eDraw, eInstants, and player services."	Helps support our Responsible Gaming Programs through the games and game design services [VENDOR] provides		2025-05-08 13:28:35
10	240	33	Sawyer	Logan	Luxembourg	Org_R004	Technology Manager	q8a		"Thinking only about <span class=""clr""><b>[VENDOR] [SECTOR]</b></span>, please indicate your level of agreement with each of the following statements regarding the <b><u>[VENDOR] [SECTOR] Software Delivery Services</u></b> you need for its products and solutions."	Assists us in defining our software requirements & solution configurations		2025-05-08 13:28:35
10	240	34	Sawyer	Logan	Luxembourg	Org_R004	Technology Manager	q8a		"Thinking only about <span class=""clr""><b>[VENDOR] [SECTOR]</b></span>, please indicate your level of agreement with each of the following statements regarding the <b><u>[VENDOR] [SECTOR] Software Delivery Services</u></b> you need for its products and solutions."	Provides quality upon release to production		2025-05-08 13:28:35
10	240	35	Sawyer	Logan	Luxembourg	Org_R004	Technology Manager	q8a		"Thinking only about <span class=""clr""><b>[VENDOR] [SECTOR]</b></span>, please indicate your level of agreement with each of the following statements regarding the <b><u>[VENDOR] [SECTOR] Software Delivery Services</u></b> you need for its products and solutions."	Adheres to mutually agreed upon software schedules		2025-05-08 13:28:35
10	240	36	Sawyer	Logan	Luxembourg	Org_R004	Technology Manager	q8a		"Thinking only about <span class=""clr""><b>[VENDOR] [SECTOR]</b></span>, please indicate your level of agreement with each of the following statements regarding the <b><u>[VENDOR] [SECTOR] Software Delivery Services</u></b> you need for its products and solutions."	Meets commitments for delivery of software		2025-05-08 13:28:35
10	240	37	Sawyer	Logan	Luxembourg	Org_R004	Technology Manager	q8d		"Thinking only about <span class=""clr""><b>[VENDOR] [DIGITAL_SECTOR]</b></span>, please indicate your level of agreement with each of the following statements regarding the <b><u>[VENDOR] [DIGITAL_SECTOR] Software Delivery Services</u></b> you need for its products and solutions."	Provides quality upon release to production		2025-05-08 13:28:35
10	240	38	Sawyer	Logan	Luxembourg	Org_R004	Technology Manager	q8d		"Thinking only about <span class=""clr""><b>[VENDOR] [DIGITAL_SECTOR]</b></span>, please indicate your level of agreement with each of the following statements regarding the <b><u>[VENDOR] [DIGITAL_SECTOR] Software Delivery Services</u></b> you need for its products and solutions."	Adheres to mutually agreed upon software schedules		2025-05-08 13:28:35
10	240	39	Sawyer	Logan	Luxembourg	Org_R004	Technology Manager	q8d		"Thinking only about <span class=""clr""><b>[VENDOR] [DIGITAL_SECTOR]</b></span>, please indicate your level of agreement with each of the following statements regarding the <b><u>[VENDOR] [DIGITAL_SECTOR] Software Delivery Services</u></b> you need for its products and solutions."	Meets commitments for delivery of software		2025-05-08 13:28:35
10	240	4	Sawyer	Logan	Luxembourg	Org_R004	Technology Manager	q3		Which of the following [VENDOR] businesses do you work with?		, and [VENDOR] [PRODUCT_A] (Instant [PRODUCT_A], [PRODUCT_B], and Services)	2025-05-08 13:28:35
10	240	40	Sawyer	Logan	Luxembourg	Org_R004	Technology Manager	q9a		"Thinking only about <span class=""clr""><b>[VENDOR] [SECTOR]</b></span>, please indicate your level of agreement with each of the following statements regarding <b><U>[VENDOR] [SECTOR] Sales and Marketing Support</u></b>."	Shares its industry relevant knowledge		2025-05-08 13:28:35
10	240	41	Sawyer	Logan	Luxembourg	Org_R004	Technology Manager	q9a		"Thinking only about <span class=""clr""><b>[VENDOR] [SECTOR]</b></span>, please indicate your level of agreement with each of the following statements regarding <b><U>[VENDOR] [SECTOR] Sales and Marketing Support</u></b>."	Offers useful recommendations for how we can optimize the performance of our existing games		2025-05-08 13:28:35
10	240	42	Sawyer	Logan	Luxembourg	Org_R004	Technology Manager	q9a		"Thinking only about <span class=""clr""><b>[VENDOR] [SECTOR]</b></span>, please indicate your level of agreement with each of the following statements regarding <b><U>[VENDOR] [SECTOR] Sales and Marketing Support</u></b>."	Helps us optimize our new and existing sales channels		2025-05-08 13:28:35
10	240	43	Sawyer	Logan	Luxembourg	Org_R004	Technology Manager	q9a		"Thinking only about <span class=""clr""><b>[VENDOR] [SECTOR]</b></span>, please indicate your level of agreement with each of the following statements regarding <b><U>[VENDOR] [SECTOR] Sales and Marketing Support</u></b>."	Helps us develop new and innovative games		2025-05-08 13:28:35
10	240	44	Sawyer	Logan	Luxembourg	Org_R004	Technology Manager	q9b		"Thinking only about <span class=""clr""><b>[VENDOR] [PRODUCT_A]</b></span>, please indicate your level of agreement with each of the following statements regarding <b><u>[VENDOR] [PRODUCT_A] Sales and Marketing Support</u></b>."	Shares its industry relevant knowledge		2025-05-08 13:28:35
10	240	45	Sawyer	Logan	Luxembourg	Org_R004	Technology Manager	q9b		"Thinking only about <span class=""clr""><b>[VENDOR] [PRODUCT_A]</b></span>, please indicate your level of agreement with each of the following statements regarding <b><u>[VENDOR] [PRODUCT_A] Sales and Marketing Support</u></b>."	Offers useful recommendations for how we can optimize the performance of our existing games		2025-05-08 13:28:35
10	240	46	Sawyer	Logan	Luxembourg	Org_R004	Technology Manager	q9b		"Thinking only about <span class=""clr""><b>[VENDOR] [PRODUCT_A]</b></span>, please indicate your level of agreement with each of the following statements regarding <b><u>[VENDOR] [PRODUCT_A] Sales and Marketing Support</u></b>."	Provides licensed property programs that meet our objectives / needs		2025-05-08 13:28:35
10	240	47	Sawyer	Logan	Luxembourg	Org_R004	Technology Manager	q9d		"Thinking only about <span class=""clr""><b>[VENDOR] [DIGITAL_SECTOR]</b></span>, please indicate your level of agreement with each of the following statements regarding <b><u>[VENDOR] [DIGITAL_SECTOR] Sales and Marketing Support</u></b>."	Shares its industry relevant knowledge		2025-05-08 13:28:35
10	240	48	Sawyer	Logan	Luxembourg	Org_R004	Technology Manager	q9d		"Thinking only about <span class=""clr""><b>[VENDOR] [DIGITAL_SECTOR]</b></span>, please indicate your level of agreement with each of the following statements regarding <b><u>[VENDOR] [DIGITAL_SECTOR] Sales and Marketing Support</u></b>."	Helps to identify initiatives to drive my digital growth		2025-05-08 13:28:35
10	240	49	Sawyer	Logan	Luxembourg	Org_R004	Technology Manager	q9d		"Thinking only about <span class=""clr""><b>[VENDOR] [DIGITAL_SECTOR]</b></span>, please indicate your level of agreement with each of the following statements regarding <b><u>[VENDOR] [DIGITAL_SECTOR] Sales and Marketing Support</u></b>."	Helps to optimize my player experience		2025-05-08 13:28:35
10	240	5	Sawyer	Logan	Luxembourg	Org_R004	Technology Manager	q5a		"Thinking only about <span class=""clr""><b>[VENDOR] [SECTOR]</b></span>, please indicate your level of agreement with the following statements:"	Overall, I am satisfied with our relationship		2025-05-08 13:28:35
10	240	50	Sawyer	Logan	Luxembourg	Org_R004	Technology Manager	q10a		"Thinking only about <span class=""clr""><b>[VENDOR] [SECTOR]</b></span>, please indicate your level of agreement with each of the following statements regarding <b><u>[VENDOR] [SECTOR] Alignment to Customer Goals & Priorities</u></b>."	Has a strong understanding of our goals / priorities		2025-05-08 13:28:35
10	240	51	Sawyer	Logan	Luxembourg	Org_R004	Technology Manager	q10a		"Thinking only about <span class=""clr""><b>[VENDOR] [SECTOR]</b></span>, please indicate your level of agreement with each of the following statements regarding <b><u>[VENDOR] [SECTOR] Alignment to Customer Goals & Priorities</u></b>."	Is flexible and responsive to changes in needs		2025-05-08 13:28:35
10	240	52	Sawyer	Logan	Luxembourg	Org_R004	Technology Manager	q10a		"Thinking only about <span class=""clr""><b>[VENDOR] [SECTOR]</b></span>, please indicate your level of agreement with each of the following statements regarding <b><u>[VENDOR] [SECTOR] Alignment to Customer Goals & Priorities</u></b>."	I consider [VENDOR] to be an industry thought leader		2025-05-08 13:28:35
10	240	53	Sawyer	Logan	Luxembourg	Org_R004	Technology Manager	q10b	3.0	"Thinking only about <span class=""clr""><b>[VENDOR] [PRODUCT_A]</b></span>, please indicate your level of agreement with each of the following statements regarding <b><u>[VENDOR] [PRODUCT_A] Alignment to Customer Goals & Priorities</u></b>."	Has a strong understanding of our goals / priorities	3	2025-05-08 13:28:35
10	240	54	Sawyer	Logan	Luxembourg	Org_R004	Technology Manager	q10b	3.0	"Thinking only about <span class=""clr""><b>[VENDOR] [PRODUCT_A]</b></span>, please indicate your level of agreement with each of the following statements regarding <b><u>[VENDOR] [PRODUCT_A] Alignment to Customer Goals & Priorities</u></b>."	Is flexible and responsive to changes in needs	3	2025-05-08 13:28:35
10	240	55	Sawyer	Logan	Luxembourg	Org_R004	Technology Manager	q10d		"Thinking only about <span class=""clr""><b>[VENDOR] [DIGITAL_SECTOR]</b></span>, please indicate your level of agreement with each of the following statements regarding <b><u>[VENDOR] [DIGITAL_SECTOR] Alignment to Customer Goals & Priorities</u></b>."	Has a strong understanding of our goals / priorities		2025-05-08 13:28:35
10	240	56	Sawyer	Logan	Luxembourg	Org_R004	Technology Manager	q10d		"Thinking only about <span class=""clr""><b>[VENDOR] [DIGITAL_SECTOR]</b></span>, please indicate your level of agreement with each of the following statements regarding <b><u>[VENDOR] [DIGITAL_SECTOR] Alignment to Customer Goals & Priorities</u></b>."	Is flexible and responsive to changes in needs		2025-05-08 13:28:35
10	240	57	Sawyer	Logan	Luxembourg	Org_R004	Technology Manager	q11new_oe		If you could offer ONE piece of advice to [VENDOR] in terms of <u>what [VENDOR] can do better or differently to continue to earn your business and your trust in the future</u>, what advice would you give?		N/A DO NOT USE	2025-05-08 13:28:35
10	240	58	Sawyer	Logan	Luxembourg	Org_R004	Technology Manager	q12_oe		What does <b>[VENDOR] currently do WELL</b> and should CONTINUE to focus on?		N/A DO NOT USE	2025-05-08 13:28:35
10	240	6	Sawyer	Logan	Luxembourg	Org_R004	Technology Manager	q5a		"Thinking only about <span class=""clr""><b>[VENDOR] [SECTOR]</b></span>, please indicate your level of agreement with the following statements:"	Their products, services, and support are worth what we pay for them		2025-05-08 13:28:35
10	240	7	Sawyer	Logan	Luxembourg	Org_R004	Technology Manager	q5a		"Thinking only about <span class=""clr""><b>[VENDOR] [SECTOR]</b></span>, please indicate your level of agreement with the following statements:"	I would select them again as our [SECTOR] solutions partner		2025-05-08 13:28:35
10	240	8	Sawyer	Logan	Luxembourg	Org_R004	Technology Manager	q5b	4.0	"Thinking only about <span class=""clr""><b>[VENDOR] [PRODUCT_A]</b></span>, please indicate your level of agreement with the following statements:"	Overall, I am satisfied with our relationship	4	2025-05-08 13:28:35
10	240	9	Sawyer	Logan	Luxembourg	Org_R004	Technology Manager	q5b	4.0	"Thinking only about <span class=""clr""><b>[VENDOR] [PRODUCT_A]</b></span>, please indicate your level of agreement with the following statements:"	Their products, services, and support are worth what we pay for them	4	2025-05-08 13:28:35
